{
"data":[
    {
        "position": "QA",
        "company": "mycompanylev1",
        "location": "Toronto",
        "seniority": "junior",
        "link": "www.linkedin.com",
        "description": "some text",
        "time": "two hours ago",
        "salary": "100k",
        "date": "2020-06-06T12:00:00"
    },
    {
        "position": "Java Developer",
        "company": "mycompanylev2",
        "location": "New York",
        "seniority": "senior",
        "link": "www.linkedin.com",
        "description": "some text",
        "time": "two hours ago",
        "salary": "100k",
        "date": "2020-06-06T12:00:00"
    }

]


}